{
  "name": "datatables.net-rowgroup",
  "description": "RowGroup for DataTables ",
  "main": [
    "js/dataTables.rowGroup.js"
  ],
  "keywords": [
    "row grouping",
    "DataTables",
    "jQuery",
    "table",
    "DataTables"
  ],
  "dependencies": {
    "jquery": ">=1.7",
    "datatables.net": ">=1.10.13"
  },
  "moduleType": [
    "globals",
    "amd",
    "node"
  ],
  "ignore": [
    "composer.json",
    "datatables.json",
    "package.json"
  ],
  "authors": [
    {
      "name": "SpryMedia Ltd",
      "homepage": "https://datatables.net"
    }
  ],
  "homepage": "https://datatables.net",
  "license": "MIT",
  "version": "1.1.2",
  "_release": "1.1.2",
  "_resolution": {
    "type": "version",
    "tag": "1.1.2",
    "commit": "ec2418d72945f8b3d66174a99027e2fc91976b39"
  },
  "_source": "https://github.com/DataTables/Dist-DataTables-RowGroup.git",
  "_target": ">=1.0.0",
  "_originalSource": "datatables.net-rowgroup"
}