{
  "name": "datatables.net-colreorder-bs4",
  "description": "ColReorder for DataTables with styling for [Bootstrap 4](http://getbootstrap.com/)",
  "main": [
    "css/colReorder.bootstrap4.css"
  ],
  "keywords": [
    "reorder",
    "DataTables",
    "jQuery",
    "table",
    "Bootstrap 4"
  ],
  "dependencies": {
    "jquery": ">=1.7",
    "datatables.net-bs4": ">=1.10.13",
    "datatables.net-colreorder": ">=1.3.2"
  },
  "moduleType": [
    "globals",
    "amd",
    "node"
  ],
  "ignore": [
    "composer.json",
    "datatables.json",
    "package.json"
  ],
  "authors": [
    {
      "name": "SpryMedia Ltd",
      "homepage": "https://datatables.net"
    }
  ],
  "homepage": "https://datatables.net",
  "license": "MIT",
  "version": "1.5.2",
  "_release": "1.5.2",
  "_resolution": {
    "type": "version",
    "tag": "1.5.2",
    "commit": "8a6fe519184fd984564633f084a30b55beb0efb6"
  },
  "_source": "https://github.com/DataTables/Dist-DataTables-ColReorder-Bootstrap4.git",
  "_target": "^1.5.0",
  "_originalSource": "datatables.net-colreorder-bs4"
}