{
  "name": "datatables.net-rowgroup-bs4",
  "description": "RowGroup for DataTables with styling for [Bootstrap 4](http://getbootstrap.com/)",
  "main": [
    "css/rowGroup.bootstrap4.css"
  ],
  "keywords": [
    "row grouping",
    "DataTables",
    "jQuery",
    "table",
    "Bootstrap 4"
  ],
  "dependencies": {
    "jquery": ">=1.7",
    "datatables.net-bs4": ">=1.10.13",
    "datatables.net-rowgroup": ">=1.0.0"
  },
  "moduleType": [
    "globals",
    "amd",
    "node"
  ],
  "ignore": [
    "composer.json",
    "datatables.json",
    "package.json"
  ],
  "authors": [
    {
      "name": "SpryMedia Ltd",
      "homepage": "https://datatables.net"
    }
  ],
  "homepage": "https://datatables.net",
  "license": "MIT",
  "version": "1.1.2",
  "_release": "1.1.2",
  "_resolution": {
    "type": "version",
    "tag": "1.1.2",
    "commit": "c6feeb6a1e455c73d284047df694fe577abd8c26"
  },
  "_source": "https://github.com/DataTables/Dist-DataTables-RowGroup-Bootstrap4.git",
  "_target": "^1.0.3",
  "_originalSource": "datatables.net-rowgroup-bs4"
}