{
  "name": "datatables.net-fixedheader",
  "description": "FixedHeader for DataTables ",
  "main": [
    "js/dataTables.fixedHeader.js"
  ],
  "keywords": [
    "fixed headers",
    "sticky",
    "DataTables",
    "jQuery",
    "table",
    "DataTables"
  ],
  "dependencies": {
    "jquery": ">=1.7",
    "datatables.net": ">=1.10.9"
  },
  "moduleType": [
    "globals",
    "amd",
    "node"
  ],
  "ignore": [
    "composer.json",
    "datatables.json",
    "package.json"
  ],
  "authors": [
    {
      "name": "SpryMedia Ltd",
      "homepage": "https://datatables.net"
    }
  ],
  "homepage": "https://datatables.net",
  "license": "MIT",
  "version": "3.1.7",
  "_release": "3.1.7",
  "_resolution": {
    "type": "version",
    "tag": "3.1.7",
    "commit": "ca7e6a4e703ae00bbf70f44cef1be32bd411cd0e"
  },
  "_source": "https://github.com/DataTables/Dist-DataTables-FixedHeader.git",
  "_target": "^3.1.3",
  "_originalSource": "datatables.net-fixedheader"
}