{
  "name": "datatables.net-keytable-bs4",
  "description": "KeyTable for DataTables with styling for [Bootstrap 4](http://getbootstrap.com/)",
  "main": [
    "css/keyTable.bootstrap4.css"
  ],
  "keywords": [
    "spreadsheet",
    "excel",
    "keyboard",
    "DataTables",
    "jQuery",
    "table",
    "Bootstrap 4"
  ],
  "dependencies": {
    "jquery": ">=1.7",
    "datatables.net-bs4": ">=1.10.13",
    "datatables.net-keytable": ">=2.2.0"
  },
  "moduleType": [
    "globals",
    "amd",
    "node"
  ],
  "ignore": [
    "composer.json",
    "datatables.json",
    "package.json"
  ],
  "authors": [
    {
      "name": "SpryMedia Ltd",
      "homepage": "https://datatables.net"
    }
  ],
  "homepage": "https://datatables.net",
  "license": "MIT",
  "version": "2.5.2",
  "_release": "2.5.2",
  "_resolution": {
    "type": "version",
    "tag": "2.5.2",
    "commit": "e59e2ca9f9b47a850be9bc611581e21af5dcf77b"
  },
  "_source": "https://github.com/DataTables/Dist-DataTables-KeyTable-Bootstrap4.git",
  "_target": "^2.4.0",
  "_originalSource": "datatables.net-keytable-bs4"
}