{
  "name": "datatables.net-autofill-bs4",
  "description": "AutoFill for DataTables with styling for [Bootstrap 4](http://getbootstrap.com/)",
  "main": [
    "js/autoFill.bootstrap4.js",
    "css/autoFill.bootstrap4.css"
  ],
  "keywords": [
    "autofill",
    "excel",
    "DataTables",
    "jQuery",
    "table",
    "Bootstrap 4"
  ],
  "dependencies": {
    "jquery": ">=1.7",
    "datatables.net-bs4": ">=1.10.13",
    "datatables.net-autofill": ">=2.1.3"
  },
  "moduleType": [
    "globals",
    "amd",
    "node"
  ],
  "ignore": [
    "composer.json",
    "datatables.json",
    "package.json"
  ],
  "authors": [
    {
      "name": "SpryMedia Ltd",
      "homepage": "https://datatables.net"
    }
  ],
  "homepage": "https://datatables.net",
  "license": "MIT",
  "version": "2.3.5",
  "_release": "2.3.5",
  "_resolution": {
    "type": "version",
    "tag": "2.3.5",
    "commit": "130c0328e4ea1d7deca5a6980979003bd89d1174"
  },
  "_source": "https://github.com/DataTables/Dist-DataTables-AutoFill-Bootstrap4.git",
  "_target": "^2.3.0",
  "_originalSource": "datatables.net-autofill-bs4"
}