{
  "name": "datatables.net-fixedcolumns-bs4",
  "description": "FixedColumns for DataTables with styling for [Bootstrap 4](http://getbootstrap.com/)",
  "main": [
    "css/fixedColumns.bootstrap4.css"
  ],
  "keywords": [
    "fixed columns",
    "DataTables",
    "jQuery",
    "table",
    "Bootstrap 4"
  ],
  "dependencies": {
    "jquery": ">=1.7",
    "datatables.net-bs4": ">=1.10.13",
    "datatables.net-fixedcolumns": ">=3.2.2"
  },
  "moduleType": [
    "globals",
    "amd",
    "node"
  ],
  "ignore": [
    "composer.json",
    "datatables.json",
    "package.json"
  ],
  "authors": [
    {
      "name": "SpryMedia Ltd",
      "homepage": "https://datatables.net"
    }
  ],
  "homepage": "https://datatables.net",
  "license": "MIT",
  "version": "3.3.1",
  "_release": "3.3.1",
  "_resolution": {
    "type": "version",
    "tag": "3.3.1",
    "commit": "7cb535c19b66200b7ec7beb2a33ea7e98a9cb45a"
  },
  "_source": "https://github.com/DataTables/Dist-DataTables-FixedColumns-Bootstrap4.git",
  "_target": "^3.2.5",
  "_originalSource": "datatables.net-fixedcolumns-bs4"
}