{
  "name": "datatables.net-responsive-bs4",
  "description": "Responsive for DataTables with styling for [Bootstrap 4](http://getbootstrap.com/)",
  "main": [
    "js/responsive.bootstrap4.js",
    "css/responsive.bootstrap4.css"
  ],
  "keywords": [
    "responsive",
    "DataTables",
    "jQuery",
    "table",
    "Bootstrap 4"
  ],
  "dependencies": {
    "jquery": ">=1.7",
    "datatables.net-bs4": ">=1.10.13",
    "datatables.net-responsive": ">=2.1.1"
  },
  "moduleType": [
    "globals",
    "amd",
    "node"
  ],
  "ignore": [
    "composer.json",
    "datatables.json",
    "package.json"
  ],
  "authors": [
    {
      "name": "SpryMedia Ltd",
      "homepage": "https://datatables.net"
    }
  ],
  "homepage": "https://datatables.net",
  "license": "MIT",
  "version": "2.2.5",
  "_release": "2.2.5",
  "_resolution": {
    "type": "version",
    "tag": "2.2.5",
    "commit": "4cc2297684bd1670571e7e7dfb2c88e293418dbd"
  },
  "_source": "https://github.com/DataTables/Dist-DataTables-Responsive-Bootstrap4.git",
  "_target": "^2.2.2",
  "_originalSource": "datatables.net-responsive-bs4"
}