{
  "name": "datatables.net-fixedcolumns",
  "description": "FixedColumns for DataTables ",
  "main": [
    "js/dataTables.fixedColumns.js"
  ],
  "keywords": [
    "fixed columns",
    "DataTables",
    "jQuery",
    "table",
    "DataTables"
  ],
  "dependencies": {
    "jquery": ">=1.7",
    "datatables.net": ">=1.10.9"
  },
  "moduleType": [
    "globals",
    "amd",
    "node"
  ],
  "ignore": [
    "composer.json",
    "datatables.json",
    "package.json"
  ],
  "authors": [
    {
      "name": "SpryMedia Ltd",
      "homepage": "https://datatables.net"
    }
  ],
  "homepage": "https://datatables.net",
  "license": "MIT",
  "version": "3.3.1",
  "_release": "3.3.1",
  "_resolution": {
    "type": "version",
    "tag": "3.3.1",
    "commit": "ef40db2d580734e5698c49623ed14ed961373625"
  },
  "_source": "https://github.com/DataTables/Dist-DataTables-FixedColumns.git",
  "_target": "^3.2.3",
  "_originalSource": "datatables.net-fixedcolumns"
}