{
  "name": "datatables.net-autofill",
  "description": "AutoFill for DataTables ",
  "main": [
    "js/dataTables.autoFill.js"
  ],
  "keywords": [
    "autofill",
    "excel",
    "DataTables",
    "jQuery",
    "table",
    "DataTables"
  ],
  "dependencies": {
    "jquery": ">=1.7",
    "datatables.net": ">=1.10.9"
  },
  "moduleType": [
    "globals",
    "amd",
    "node"
  ],
  "ignore": [
    "composer.json",
    "datatables.json",
    "package.json"
  ],
  "authors": [
    {
      "name": "SpryMedia Ltd",
      "homepage": "https://datatables.net"
    }
  ],
  "homepage": "https://datatables.net",
  "license": "MIT",
  "version": "2.3.5",
  "_release": "2.3.5",
  "_resolution": {
    "type": "version",
    "tag": "2.3.5",
    "commit": "c7113b7758e6d08596f2c723a3cfd5a7bd1331a4"
  },
  "_source": "https://github.com/DataTables/Dist-DataTables-AutoFill.git",
  "_target": "^2.2.2",
  "_originalSource": "datatables.net-autofill"
}