{
  "name": "datatables.net-colreorder",
  "description": "ColReorder for DataTables ",
  "main": [
    "js/dataTables.colReorder.js"
  ],
  "keywords": [
    "reorder",
    "DataTables",
    "jQuery",
    "table",
    "DataTables"
  ],
  "dependencies": {
    "jquery": ">=1.7",
    "datatables.net": ">=1.10.9"
  },
  "moduleType": [
    "globals",
    "amd",
    "node"
  ],
  "ignore": [
    "composer.json",
    "datatables.json",
    "package.json"
  ],
  "authors": [
    {
      "name": "SpryMedia Ltd",
      "homepage": "https://datatables.net"
    }
  ],
  "homepage": "https://datatables.net",
  "license": "MIT",
  "version": "1.5.2",
  "_release": "1.5.2",
  "_resolution": {
    "type": "version",
    "tag": "1.5.2",
    "commit": "5216791ea1183551b7cb6c3e10bc9364aa84bf4f"
  },
  "_source": "https://github.com/DataTables/Dist-DataTables-ColReorder.git",
  "_target": "^1.4.1",
  "_originalSource": "datatables.net-colreorder"
}