{
  "name": "datatables.net-select",
  "description": "Select for DataTables ",
  "main": [
    "js/dataTables.select.js"
  ],
  "keywords": [
    "select",
    "selection",
    "DataTables",
    "jQuery",
    "table",
    "DataTables"
  ],
  "dependencies": {
    "jquery": ">=1.7",
    "datatables.net": ">=1.10.9"
  },
  "moduleType": [
    "globals",
    "amd",
    "node"
  ],
  "ignore": [
    "composer.json",
    "datatables.json",
    "package.json"
  ],
  "authors": [
    {
      "name": "SpryMedia Ltd",
      "homepage": "https://datatables.net"
    }
  ],
  "homepage": "https://datatables.net",
  "license": "MIT",
  "version": "1.3.1",
  "_release": "1.3.1",
  "_resolution": {
    "type": "version",
    "tag": "1.3.1",
    "commit": "a518152481ed280a4b8566d929e7532e7a3c0fef"
  },
  "_source": "https://github.com/DataTables/Dist-DataTables-Select.git",
  "_target": "^1.2.3",
  "_originalSource": "datatables.net-select"
}