{
  "name": "datatables.net-scroller-bs4",
  "description": "Scroller for DataTables with styling for [Bootstrap 4](http://getbootstrap.com/)",
  "main": [
    "css/scroller.bootstrap4.css"
  ],
  "keywords": [
    "virtual scrolling",
    "DataTables",
    "jQuery",
    "table",
    "Bootstrap 4"
  ],
  "dependencies": {
    "jquery": ">=1.7",
    "datatables.net-bs4": ">=1.10.13",
    "datatables.net-scroller": ">=1.4.2"
  },
  "moduleType": [
    "globals",
    "amd",
    "node"
  ],
  "ignore": [
    "composer.json",
    "datatables.json",
    "package.json"
  ],
  "authors": [
    {
      "name": "SpryMedia Ltd",
      "homepage": "https://datatables.net"
    }
  ],
  "homepage": "https://datatables.net",
  "license": "MIT",
  "version": "1.5.1",
  "_release": "1.5.1",
  "_resolution": {
    "type": "version",
    "tag": "1.5.1",
    "commit": "c01a49774c14777b101cc489ca6a8f4360916de0"
  },
  "_source": "https://github.com/DataTables/Dist-DataTables-Scroller-Bootstrap4.git",
  "_target": "^1.5.0",
  "_originalSource": "datatables.net-scroller-bs4"
}